{
    "0": {
        "precision": 0.0,
        "recall": 0.0,
        "f1-score": 0.0,
        "support": 32
    },
    "1": {
        "precision": 0.26861702127659576,
        "recall": 0.14387464387464388,
        "f1-score": 0.18738404452690166,
        "support": 702
    },
    "2": {
        "precision": 0.797077922077922,
        "recall": 0.9009174311926605,
        "f1-score": 0.8458225667527993,
        "support": 2725
    },
    "accuracy": 0.7389418907198613,
    "macro avg": {
        "precision": 0.35523164778483923,
        "recall": 0.34826402502243486,
        "f1-score": 0.3444022037599003,
        "support": 3459
    },
    "weighted avg": {
        "precision": 0.6824534508813263,
        "recall": 0.7389418907198613,
        "f1-score": 0.704368341618752,
        "support": 3459
    }
}