{
    "0": {
        "precision": 0.0,
        "recall": 0.0,
        "f1-score": 0.0,
        "support": 33
    },
    "1": {
        "precision": 0.26038781163434904,
        "recall": 0.12929848693259974,
        "f1-score": 0.17279411764705885,
        "support": 727
    },
    "2": {
        "precision": 0.7855989667420084,
        "recall": 0.9011111111111111,
        "f1-score": 0.8393996894945661,
        "support": 2700
    },
    "accuracy": 0.7303468208092485,
    "macro avg": {
        "precision": 0.3486622594587858,
        "recall": 0.3434698660145703,
        "f1-score": 0.337397935713875,
        "support": 3460
    },
    "weighted avg": {
        "precision": 0.6677511992085532,
        "recall": 0.7303468208092485,
        "f1-score": 0.6913296199898094,
        "support": 3460
    }
}