{
    "0": {
        "precision": 0.46153846153846156,
        "recall": 0.039473684210526314,
        "f1-score": 0.07272727272727271,
        "support": 152
    },
    "1": {
        "precision": 0.6820083682008368,
        "recall": 0.296543359611886,
        "f1-score": 0.41335587489433645,
        "support": 3298
    },
    "2": {
        "precision": 0.8326821577901159,
        "recall": 0.9651994279358017,
        "f1-score": 0.8940570377184912,
        "support": 12586
    },
    "accuracy": 0.8189074582190072,
    "macro avg": {
        "precision": 0.658742995843138,
        "recall": 0.43373882391940466,
        "f1-score": 0.4600467284467001,
        "support": 16036
    },
    "weighted avg": {
        "precision": 0.7981762959856948,
        "recall": 0.8189074582190072,
        "f1-score": 0.7874098339723744,
        "support": 16036
    }
}