{
    "0": {
        "precision": 0.5714285714285714,
        "recall": 0.10526315789473684,
        "f1-score": 0.17777777777777778,
        "support": 152
    },
    "1": {
        "precision": 0.6871609403254972,
        "recall": 0.34566403881140084,
        "f1-score": 0.4599556183175308,
        "support": 3298
    },
    "2": {
        "precision": 0.8420795874276953,
        "recall": 0.9600349594787859,
        "f1-score": 0.8971969556339335,
        "support": 12586
    },
    "accuracy": 0.8255799451234722,
    "macro avg": {
        "precision": 0.700223033060588,
        "recall": 0.4703207187283079,
        "f1-score": 0.511643450576414,
        "support": 16036
    },
    "weighted avg": {
        "precision": 0.807653255887728,
        "recall": 0.8255799451234722,
        "f1-score": 0.8004537749465033,
        "support": 16036
    }
}