{
    "0": {
        "precision": 0.08333333333333333,
        "recall": 0.03125,
        "f1-score": 0.045454545454545456,
        "support": 32
    },
    "1": {
        "precision": 0.2638888888888889,
        "recall": 0.1623931623931624,
        "f1-score": 0.20105820105820105,
        "support": 702
    },
    "2": {
        "precision": 0.7970149253731343,
        "recall": 0.881834862385321,
        "f1-score": 0.8372822299651568,
        "support": 2725
    },
    "accuracy": 0.7279560566637756,
    "macro avg": {
        "precision": 0.3814123825317855,
        "recall": 0.35849267492616116,
        "f1-score": 0.36126499215930113,
        "support": 3459
    },
    "weighted avg": {
        "precision": 0.6822151888720606,
        "recall": 0.7279560566637756,
        "f1-score": 0.7008359292432653,
        "support": 3459
    }
}