{
    "0": {
        "precision": 0.43548387096774194,
        "recall": 0.35526315789473684,
        "f1-score": 0.391304347826087,
        "support": 152
    },
    "1": {
        "precision": 0.6092275428171968,
        "recall": 0.5285021224984839,
        "f1-score": 0.5660009741841208,
        "support": 3298
    },
    "2": {
        "precision": 0.8767144280131791,
        "recall": 0.9091053551565231,
        "f1-score": 0.8926161407340952,
        "support": 12586
    },
    "accuracy": 0.8255799451234722,
    "macro avg": {
        "precision": 0.6404752805993726,
        "recall": 0.597623545183248,
        "f1-score": 0.6166404875814343,
        "support": 16036
    },
    "weighted avg": {
        "precision": 0.8175201905445301,
        "recall": 0.8255799451234722,
        "f1-score": 0.82069195690996,
        "support": 16036
    }
}