{
    "0": {
        "precision": 0.05555555555555555,
        "recall": 0.06060606060606061,
        "f1-score": 0.057971014492753624,
        "support": 33
    },
    "1": {
        "precision": 0.23529411764705882,
        "recall": 0.24759284731774414,
        "f1-score": 0.24128686327077745,
        "support": 727
    },
    "2": {
        "precision": 0.7897705904475366,
        "recall": 0.7777777777777778,
        "f1-score": 0.7837283075200597,
        "support": 2700
    },
    "accuracy": 0.6595375722543353,
    "macro avg": {
        "precision": 0.3602067545500503,
        "recall": 0.3619922285671942,
        "f1-score": 0.3609953950945302,
        "support": 3460
    },
    "weighted avg": {
        "precision": 0.6662638008875995,
        "recall": 0.6595375722543353,
        "f1-score": 0.6628309316127969,
        "support": 3460
    }
}