{
    "0": {
        "precision": 0.25,
        "recall": 0.030303030303030304,
        "f1-score": 0.054054054054054064,
        "support": 33
    },
    "1": {
        "precision": 0.17105263157894737,
        "recall": 0.017881705639614855,
        "f1-score": 0.0323785803237858,
        "support": 727
    },
    "2": {
        "precision": 0.7798816568047338,
        "recall": 0.9762962962962963,
        "f1-score": 0.8671052631578947,
        "support": 2700
    },
    "accuracy": 0.7658959537572254,
    "macro avg": {
        "precision": 0.40031142946122705,
        "recall": 0.3414936774129805,
        "f1-score": 0.3178459658452449,
        "support": 3460
    },
    "weighted avg": {
        "precision": 0.646903392060889,
        "recall": 0.7658959537572254,
        "f1-score": 0.683961624914882,
        "support": 3460
    }
}