{
    "0": {
        "precision": 0.7142857142857143,
        "recall": 0.03289473684210526,
        "f1-score": 0.06289308176100628,
        "support": 152
    },
    "1": {
        "precision": 0.8587786259541985,
        "recall": 0.06822316555488174,
        "f1-score": 0.12640449438202248,
        "support": 3298
    },
    "2": {
        "precision": 0.7962833766727976,
        "recall": 0.9975369458128078,
        "f1-score": 0.885620569251931,
        "support": 12586
    },
    "accuracy": 0.7972686455475181,
    "macro avg": {
        "precision": 0.7897825723042368,
        "recall": 0.3662182827365983,
        "f1-score": 0.35830604846498654,
        "support": 16036
    },
    "weighted avg": {
        "precision": 0.8083590618466079,
        "recall": 0.7972686455475181,
        "f1-score": 0.7216801107199043,
        "support": 16036
    }
}