{
    "0": {
        "precision": 0.2,
        "recall": 0.06060606060606061,
        "f1-score": 0.0930232558139535,
        "support": 33
    },
    "1": {
        "precision": 0.2647058823529412,
        "recall": 0.1485557083906465,
        "f1-score": 0.19030837004405285,
        "support": 727
    },
    "2": {
        "precision": 0.7882971729125575,
        "recall": 0.8881481481481481,
        "f1-score": 0.8352490421455938,
        "support": 2700
    },
    "accuracy": 0.7248554913294798,
    "macro avg": {
        "precision": 0.41766768508849955,
        "recall": 0.3657699723816184,
        "f1-score": 0.3728602226678667,
        "support": 3460
    },
    "weighted avg": {
        "precision": 0.6726715443163276,
        "recall": 0.7248554913294798,
        "f1-score": 0.6926579093228296,
        "support": 3460
    }
}