{
    "0": {
        "precision": 0.0,
        "recall": 0.0,
        "f1-score": 0.0,
        "support": 32
    },
    "1": {
        "precision": 0.2753623188405797,
        "recall": 0.027065527065527065,
        "f1-score": 0.04928664072632944,
        "support": 702
    },
    "2": {
        "precision": 0.7893183830038359,
        "recall": 0.981651376146789,
        "f1-score": 0.8750408897612038,
        "support": 2725
    },
    "accuracy": 0.7788378143972247,
    "macro avg": {
        "precision": 0.35489356728147187,
        "recall": 0.33623896773743867,
        "f1-score": 0.30810917682917777,
        "support": 3459
    },
    "weighted avg": {
        "precision": 0.67770943669024,
        "recall": 0.7788378143972247,
        "f1-score": 0.6993598283865752,
        "support": 3459
    }
}