{
    "0": {
        "precision": 0.029411764705882353,
        "recall": 0.03125,
        "f1-score": 0.030303030303030304,
        "support": 32
    },
    "1": {
        "precision": 0.23048327137546468,
        "recall": 0.26495726495726496,
        "f1-score": 0.24652087475149104,
        "support": 702
    },
    "2": {
        "precision": 0.7956455309396486,
        "recall": 0.7644036697247707,
        "f1-score": 0.7797117724125024,
        "support": 2725
    },
    "accuracy": 0.6562590344030067,
    "macro avg": {
        "precision": 0.3518468556736652,
        "recall": 0.3535369782273452,
        "f1-score": 0.3521785591556746,
        "support": 3459
    },
    "weighted avg": {
        "precision": 0.6738579082933527,
        "recall": 0.6562590344030067,
        "f1-score": 0.6645683523762106,
        "support": 3459
    }
}