{
    "1": {
        "precision": 0.29514563106796116,
        "recall": 1.0,
        "f1-score": 0.45577211394302847,
        "support": 152
    },
    "2": {
        "precision": 0.36879100281162136,
        "recall": 0.9545178896300789,
        "f1-score": 0.5320263647118472,
        "support": 3298
    },
    "3": {
        "precision": 0.991696492483894,
        "recall": 0.5503734307961227,
        "f1-score": 0.707884114250677,
        "support": 12586
    },
    "accuracy": 0.6377525567473186,
    "macro avg": {
        "precision": 0.5518777087878255,
        "recall": 0.8349637734754006,
        "f1-score": 0.5652275309685176,
        "support": 16036
    },
    "weighted avg": {
        "precision": 0.8569859639309895,
        "recall": 0.6377525567473186,
        "f1-score": 0.6693271248502141,
        "support": 16036
    }
}