{
    "1": {
        "precision": 0.011494252873563218,
        "recall": 0.03125,
        "f1-score": 0.01680672268907563,
        "support": 32
    },
    "2": {
        "precision": 0.22213311948676825,
        "recall": 0.3945868945868946,
        "f1-score": 0.284248332478194,
        "support": 702
    },
    "3": {
        "precision": 0.7985882352941176,
        "recall": 0.6227522935779817,
        "f1-score": 0.6997938144329897,
        "support": 2725
    },
    "accuracy": 0.570974270020237,
    "macro avg": {
        "precision": 0.3440718692181497,
        "recall": 0.34952972938829213,
        "f1-score": 0.3336162898667531,
        "support": 3459
    },
    "weighted avg": {
        "precision": 0.6743157580653761,
        "recall": 0.570974270020237,
        "f1-score": 0.60914087564488,
        "support": 3459
    }
}