{
    "1": {
        "precision": 0.02531645569620253,
        "recall": 0.06060606060606061,
        "f1-score": 0.03571428571428571,
        "support": 33
    },
    "2": {
        "precision": 0.21499176276771004,
        "recall": 0.35900962861072905,
        "f1-score": 0.2689335394126739,
        "support": 727
    },
    "3": {
        "precision": 0.7849561605906784,
        "recall": 0.63,
        "f1-score": 0.6989932196424903,
        "support": 2700
    },
    "accuracy": 0.5676300578034682,
    "macro avg": {
        "precision": 0.341754793018197,
        "recall": 0.3498718964055965,
        "f1-score": 0.33454701492315,
        "support": 3460
    },
    "weighted avg": {
        "precision": 0.6579526266372635,
        "recall": 0.5676300578034682,
        "f1-score": 0.6023048981550027,
        "support": 3460
    }
}