{
    "1": {
        "precision": 1.0,
        "recall": 0.0,
        "f1-score": 0.0,
        "support": 33
    },
    "2": {
        "precision": 0.32727272727272727,
        "recall": 0.024759284731774415,
        "f1-score": 0.04603580562659847,
        "support": 727
    },
    "3": {
        "precision": 0.7820851688693098,
        "recall": 0.9862962962962963,
        "f1-score": 0.8723996723996723,
        "support": 2700
    },
    "accuracy": 0.7748554913294797,
    "macro avg": {
        "precision": 0.7031192987140124,
        "recall": 0.3370185270093569,
        "f1-score": 0.30614515934209025,
        "support": 3460
    },
    "weighted avg": {
        "precision": 0.6886003551082107,
        "recall": 0.7748554913294797,
        "f1-score": 0.6904471520721538,
        "support": 3460
    }
}