{
    "1": {
        "precision": 0.012048192771084338,
        "recall": 0.03125,
        "f1-score": 0.01739130434782609,
        "support": 32
    },
    "2": {
        "precision": 0.2201729106628242,
        "recall": 0.5441595441595442,
        "f1-score": 0.31350020517029137,
        "support": 702
    },
    "3": {
        "precision": 0.8049969530773918,
        "recall": 0.48477064220183486,
        "f1-score": 0.6051305542830966,
        "support": 2725
    },
    "accuracy": 0.49262792714657416,
    "macro avg": {
        "precision": 0.34573935217043344,
        "recall": 0.35339339545379306,
        "f1-score": 0.3120073546004047,
        "support": 3459
    },
    "weighted avg": {
        "precision": 0.6789718481034605,
        "recall": 0.49262792714657416,
        "f1-score": 0.5405072061839009,
        "support": 3459
    }
}