{
    "1": {
        "precision": 0.2900763358778626,
        "recall": 1.0,
        "f1-score": 0.4497041420118343,
        "support": 152
    },
    "2": {
        "precision": 0.4319428286521522,
        "recall": 0.7880533656761673,
        "f1-score": 0.5580246913580247,
        "support": 3298
    },
    "3": {
        "precision": 0.936176935229068,
        "recall": 0.7062609248371207,
        "f1-score": 0.8051265794121644,
        "support": 12586
    },
    "accuracy": 0.7258667997006735,
    "macro avg": {
        "precision": 0.5527320332530276,
        "recall": 0.8314380968377626,
        "f1-score": 0.6042851375940078,
        "support": 16036
    },
    "weighted avg": {
        "precision": 0.8263508330469745,
        "recall": 0.7258667997006735,
        "f1-score": 0.7509381136297123,
        "support": 16036
    }
}