{
    "1": {
        "precision": 0.02666666666666667,
        "recall": 0.06060606060606061,
        "f1-score": 0.03703703703703704,
        "support": 33
    },
    "2": {
        "precision": 0.22549952426260705,
        "recall": 0.32599724896836313,
        "f1-score": 0.266591676040495,
        "support": 727
    },
    "3": {
        "precision": 0.7896315338474722,
        "recall": 0.6825925925925926,
        "f1-score": 0.7322208978943187,
        "support": 2700
    },
    "accuracy": 0.6017341040462427,
    "macro avg": {
        "precision": 0.34726590825891535,
        "recall": 0.3563986340556721,
        "f1-score": 0.34528320365728354,
        "support": 3460
    },
    "weighted avg": {
        "precision": 0.663821761713032,
        "recall": 0.6017341040462427,
        "f1-score": 0.6277545650341972,
        "support": 3460
    }
}