{
    "1": {
        "precision": 1.0,
        "recall": 0.0,
        "f1-score": 0.0,
        "support": 152
    },
    "2": {
        "precision": 0.8609022556390977,
        "recall": 0.06943602183141298,
        "f1-score": 0.12850729517396187,
        "support": 3298
    },
    "3": {
        "precision": 0.796005072923272,
        "recall": 0.9973780390910536,
        "f1-score": 0.885385808999859,
        "support": 12586
    },
    "accuracy": 0.7970815664754303,
    "macro avg": {
        "precision": 0.8856357761874566,
        "recall": 0.35560468697415554,
        "f1-score": 0.3379643680579403,
        "support": 16036
    },
    "weighted avg": {
        "precision": 0.8112855753872565,
        "recall": 0.7970815664754303,
        "f1-score": 0.7213321808154123,
        "support": 16036
    }
}