{
    "1": {
        "precision": 1.0,
        "recall": 0.0,
        "f1-score": 0.0,
        "support": 32
    },
    "2": {
        "precision": 0.328125,
        "recall": 0.029914529914529916,
        "f1-score": 0.054830287206266315,
        "support": 702
    },
    "3": {
        "precision": 0.790279823269514,
        "recall": 0.9845871559633027,
        "f1-score": 0.876797385620915,
        "support": 2725
    },
    "accuracy": 0.7817288233593525,
    "macro avg": {
        "precision": 0.706134941089838,
        "recall": 0.3381672286259442,
        "f1-score": 0.3105425576090604,
        "support": 3459
    },
    "weighted avg": {
        "precision": 0.6984262123184231,
        "recall": 0.7817288233593525,
        "f1-score": 0.7018686722855717,
        "support": 3459
    }
}