{
    "1": {
        "precision": 0.02702702702702703,
        "recall": 0.06060606060606061,
        "f1-score": 0.03738317757009346,
        "support": 33
    },
    "2": {
        "precision": 0.21613663133097763,
        "recall": 0.5048143053645117,
        "f1-score": 0.302680412371134,
        "support": 727
    },
    "3": {
        "precision": 0.7890995260663507,
        "recall": 0.49333333333333335,
        "f1-score": 0.6071103008204193,
        "support": 2700
    },
    "accuracy": 0.4916184971098266,
    "macro avg": {
        "precision": 0.3440877281414518,
        "recall": 0.35291789976796856,
        "f1-score": 0.31572463025388225,
        "support": 3460
    },
    "weighted avg": {
        "precision": 0.6614427581643524,
        "recall": 0.4916184971098266,
        "f1-score": 0.5377110164360577,
        "support": 3460
    }
}