{
    "1": {
        "precision": 0.29343629343629346,
        "recall": 1.0,
        "f1-score": 0.4537313432835821,
        "support": 152
    },
    "2": {
        "precision": 0.4506290507052993,
        "recall": 0.7167980594299576,
        "f1-score": 0.5533707865168539,
        "support": 3298
    },
    "3": {
        "precision": 0.9181269470404985,
        "recall": 0.7493246464325442,
        "f1-score": 0.8251815556916616,
        "support": 12586
    },
    "accuracy": 0.7450112247443252,
    "macro avg": {
        "precision": 0.554064097060697,
        "recall": 0.8220409019541672,
        "f1-score": 0.6107612284973659,
        "support": 16036
    },
    "weighted avg": {
        "precision": 0.8160590347518152,
        "recall": 0.7450112247443252,
        "f1-score": 0.765759483539969,
        "support": 16036
    }
}