{
    "1": {
        "precision": 0.011904761904761904,
        "recall": 0.03125,
        "f1-score": 0.017241379310344827,
        "support": 32
    },
    "2": {
        "precision": 0.21755027422303475,
        "recall": 0.33903133903133903,
        "f1-score": 0.2650334075723831,
        "support": 702
    },
    "3": {
        "precision": 0.7943884261288908,
        "recall": 0.6649541284403669,
        "f1-score": 0.7239312824610468,
        "support": 2725
    },
    "accuracy": 0.5929459381324083,
    "macro avg": {
        "precision": 0.3412811540855625,
        "recall": 0.3450784891572353,
        "f1-score": 0.33540202311459155,
        "support": 3459
    },
    "weighted avg": {
        "precision": 0.6700808632803557,
        "recall": 0.5929459381324083,
        "f1-score": 0.6242607461578769,
        "support": 3459
    }
}