{
    "0": {
        "precision": 0.4351145038167939,
        "recall": 0.375,
        "f1-score": 0.40282685512367494,
        "support": 152
    },
    "1": {
        "precision": 0.6160990712074303,
        "recall": 0.5430563978168587,
        "f1-score": 0.5772763900080581,
        "support": 3298
    },
    "2": {
        "precision": 0.8802123403600554,
        "recall": 0.9090259017956459,
        "f1-score": 0.8943871169480925,
        "support": 12586
    },
    "accuracy": 0.8286979296582689,
    "macro avg": {
        "precision": 0.6438086384614264,
        "recall": 0.6090274332041682,
        "f1-score": 0.6248301206932751,
        "support": 16036
    },
    "weighted avg": {
        "precision": 0.8216752717132648,
        "recall": 0.8286979296582689,
        "f1-score": 0.824510069227617,
        "support": 16036
    }
}