{
    "0": {
        "precision": 0.011980830670926517,
        "recall": 0.46875,
        "f1-score": 0.02336448598130841,
        "support": 32
    },
    "1": {
        "precision": 0.19073083778966132,
        "recall": 0.15242165242165243,
        "f1-score": 0.16943784639746634,
        "support": 702
    },
    "2": {
        "precision": 0.7952612393681653,
        "recall": 0.4803669724770642,
        "f1-score": 0.5989476092427363,
        "support": 2725
    },
    "accuracy": 0.4137033824804857,
    "macro avg": {
        "precision": 0.3326576359429177,
        "recall": 0.36717954163290556,
        "f1-score": 0.26391664720717034,
        "support": 3459
    },
    "weighted avg": {
        "precision": 0.6653261960069564,
        "recall": 0.4137033824804857,
        "f1-score": 0.5064542546715466,
        "support": 3459
    }
}