{
    "0": {
        "precision": 0.01179122594069707,
        "recall": 0.4473684210526316,
        "f1-score": 0.02297685419834431,
        "support": 152
    },
    "1": {
        "precision": 0.20846774193548387,
        "recall": 0.1567616737416616,
        "f1-score": 0.17895465559016957,
        "support": 3298
    },
    "2": {
        "precision": 0.7990756194633457,
        "recall": 0.4945177180994756,
        "f1-score": 0.6109447852760737,
        "support": 12586
    },
    "accuracy": 0.4246071339486156,
    "macro avg": {
        "precision": 0.3397781957798422,
        "recall": 0.3662159376312562,
        "f1-score": 0.2709587650215292,
        "support": 16036
    },
    "weighted avg": {
        "precision": 0.6701474573342405,
        "recall": 0.4246071339486156,
        "f1-score": 0.5165275631990016,
        "support": 16036
    }
}