{
    "0": {
        "precision": 0.011244979919678716,
        "recall": 0.42424242424242425,
        "f1-score": 0.02190923317683881,
        "support": 33
    },
    "1": {
        "precision": 0.21880650994575046,
        "recall": 0.16643741403026135,
        "f1-score": 0.18906250000000002,
        "support": 727
    },
    "2": {
        "precision": 0.7966305655836342,
        "recall": 0.49037037037037035,
        "f1-score": 0.6070609812012839,
        "support": 2700
    },
    "accuracy": 0.4216763005780347,
    "macro avg": {
        "precision": 0.3422273518163545,
        "recall": 0.36035006954768534,
        "f1-score": 0.27267757145937427,
        "support": 3460
    },
    "weighted avg": {
        "precision": 0.6677300416600355,
        "recall": 0.4216763005780347,
        "f1-score": 0.5136520495486423,
        "support": 3460
    }
}