{
    "0": {
        "precision": 1.0,
        "recall": 0.0,
        "f1-score": 0.0,
        "support": 152
    },
    "1": {
        "precision": 1.0,
        "recall": 0.0,
        "f1-score": 0.0,
        "support": 3298
    },
    "2": {
        "precision": 0.7848590670990272,
        "recall": 1.0,
        "f1-score": 0.8794633498707288,
        "support": 12586
    },
    "accuracy": 0.7848590670990272,
    "macro avg": {
        "precision": 0.9282863556996758,
        "recall": 0.3333333333333333,
        "f1-score": 0.2931544499569096,
        "support": 16036
    },
    "weighted avg": {
        "precision": 0.8311446881085282,
        "recall": 0.7848590670990272,
        "f1-score": 0.6902547843273256,
        "support": 16036
    }
}