{
    "0": {
        "precision": 0.05555555555555555,
        "recall": 0.06060606060606061,
        "f1-score": 0.057971014492753624,
        "support": 33
    },
    "1": {
        "precision": 0.23461538461538461,
        "recall": 0.2517193947730399,
        "f1-score": 0.24286662242866622,
        "support": 727
    },
    "2": {
        "precision": 0.789712556732224,
        "recall": 0.7733333333333333,
        "f1-score": 0.781437125748503,
        "support": 2700
    },
    "accuracy": 0.6569364161849711,
    "macro avg": {
        "precision": 0.359961165634388,
        "recall": 0.3618862629041446,
        "f1-score": 0.3607582542233076,
        "support": 3460
    },
    "weighted avg": {
        "precision": 0.6660759020594574,
        "recall": 0.6569364161849711,
        "f1-score": 0.6613749472557398,
        "support": 3460
    }
}