{
    "0": {
        "precision": 0.03333333333333333,
        "recall": 0.03125,
        "f1-score": 0.03225806451612904,
        "support": 32
    },
    "1": {
        "precision": 0.22946859903381642,
        "recall": 0.2706552706552707,
        "f1-score": 0.24836601307189543,
        "support": 702
    },
    "2": {
        "precision": 0.7958477508650519,
        "recall": 0.7596330275229358,
        "f1-score": 0.7773188133683816,
        "support": 2725
    },
    "accuracy": 0.6536571263370916,
    "macro avg": {
        "precision": 0.3528832277440672,
        "recall": 0.3538460993927355,
        "f1-score": 0.35264763031880203,
        "support": 3459
    },
    "weighted avg": {
        "precision": 0.6738475699033455,
        "recall": 0.6536571263370916,
        "f1-score": 0.6630757345099239,
        "support": 3459
    }
}