{
    "0": {
        "precision": 1.0,
        "recall": 0.0,
        "f1-score": 0.0,
        "support": 33
    },
    "1": {
        "precision": 1.0,
        "recall": 0.0,
        "f1-score": 0.0,
        "support": 727
    },
    "2": {
        "precision": 0.7803468208092486,
        "recall": 1.0,
        "f1-score": 0.8766233766233766,
        "support": 2700
    },
    "accuracy": 0.7803468208092486,
    "macro avg": {
        "precision": 0.926782273603083,
        "recall": 0.3333333333333333,
        "f1-score": 0.2922077922077922,
        "support": 3460
    },
    "weighted avg": {
        "precision": 0.8285943399378529,
        "recall": 0.7803468208092486,
        "f1-score": 0.6840702649951206,
        "support": 3460
    }
}